frecuencia_MHz,ocupacion_porcentaje,potencia_promedio_dBm
840.0,68.25396825396825,-46.76586266038353
840.019550342131,55.55555555555556,-46.50868508880593
840.0391006842619,47.61904761904761,-46.27545349439325
840.0586510263929,39.682539682539684,-46.09794427783727
840.078201368524,34.92063492063492,-45.95970428813631
840.097751710655,36.507936507936506,-45.8881012014608
840.1173020527859,36.507936507936506,-45.86923904557527
840.1368523949169,33.33333333333333,-45.94084178964416
840.1564027370479,30.158730158730158,-46.066322995029125
840.1759530791788,28.57142857142857,-46.26157180699143
840.1955034213099,30.158730158730158,-46.52091466104325
840.2150537634409,25.396825396825395,-46.86002805544045
840.2346041055719,26.984126984126984,-47.265093504316205
840.2541544477028,22.22222222222222,-47.75852808241166
840.2737047898338,22.22222222222222,-48.32581780886987
840.2932551319648,23.809523809523807,-48.97037488567865
840.3128054740959,20.634920634920633,-49.696092353854475
840.3323558162268,20.634920634920633,-50.522909794494055
840.3519061583578,17.46031746031746,-51.35707680168579
840.3714565004888,17.46031746031746,-52.25830529819652
840.3910068426197,19.047619047619047,-53.05162952229609
840.4105571847507,19.047619047619047,-53.595881628973714
840.4301075268817,17.46031746031746,-53.83310430546854
840.4496578690128,15.873015873015872,-53.71261719035908
840.4692082111437,15.873015873015872,-53.197510633381285
840.4887585532747,17.46031746031746,-52.39208400912613
840.5083088954057,19.047619047619047,-51.47291517497244
840.5278592375366,15.873015873015872,-50.58362085447115
840.5474095796676,15.873015873015872,-49.69093108842909
840.5669599217987,15.873015873015872,-48.90285288826448
840.5865102639297,17.46031746031746,-48.153250059806496
840.6060606060606,17.46031746031746,-47.3480282357425
840.6256109481916,17.46031746031746,-47.013698464245486
840.6451612903226,17.46031746031746,-46.37195943849455
840.6647116324535,15.873015873015872,-46.1922783275941
840.6842619745845,15.873015873015872,-45.842103948534245
840.7038123167156,15.873015873015872,-45.63194095716008
840.7233626588466,17.46031746031746,-45.45110310741158
840.7429130009775,14.285714285714285,-45.33567555467794
840.7624633431085,15.873015873015872,-45.231997967951855
840.7820136852395,17.46031746031746,-44.76684656224597
840.8015640273704,19.047619047619047,-45.31407084897382
840.8211143695015,19.047619047619047,-45.09130659291779
840.8406647116325,17.46031746031746,-45.52485484665996
840.8602150537635,19.047619047619047,-45.84285218644898
840.8797653958944,17.46031746031746,-46.29040801533455
840.8993157380254,20.634920634920633,-46.693202651780226
840.9188660801564,19.047619047619047,-46.90337122904883
840.9384164222874,19.047619047619047,-47.67129398275315
840.9579667644184,19.047619047619047,-48.08343202959406
840.9775171065494,19.047619047619047,-48.97290766492392
840.9970674486804,19.047619047619047,-49.750557848866315
841.0166177908113,20.634920634920633,-50.89493351500061
841.0361681329423,19.047619047619047,-51.97726357502258
841.0557184750733,19.047619047619047,-53.09343376832683
841.0752688172043,19.047619047619047,-54.28825545042259
841.0948191593353,19.047619047619047,-55.037223954551244
841.1143695014663,22.22222222222222,-55.16333068031243
841.1339198435973,19.047619047619047,-54.819774033665645
841.1534701857282,15.873015873015872,-54.01613839621557
841.1730205278592,19.047619047619047,-52.97429250615967
841.1925708699903,20.634920634920633,-51.89864504506792
841.2121212121212,17.46031746031746,-50.86100987641026
841.2316715542522,19.047619047619047,-49.933956840437936
841.2512218963832,15.873015873015872,-49.12970431413105
841.2707722385142,15.873015873015872,-48.389495912829325
841.2903225806451,19.047619047619047,-47.73690027296857
841.3098729227761,17.46031746031746,-47.17905098770011
841.3294232649072,17.46031746031746,-46.75307614736033
841.3489736070381,17.46031746031746,-46.38518962295004
841.3685239491691,15.873015873015872,-46.11541037408031
841.3880742913001,17.46031746031746,-45.87272557258294
841.407624633431,19.047619047619047,-45.73693537738447
841.427174975562,19.047619047619047,-45.63760201672103
841.4467253176931,17.46031746031746,-45.61325380353299
841.4662756598241,15.873015873015872,-45.66124823902702
841.485826001955,19.047619047619047,-45.76258040586964
841.505376344086,15.873015873015872,-45.944403324398024
841.524926686217,17.46031746031746,-46.194269746907665
841.544477028348,17.46031746031746,-46.49957541839379
841.564027370479,19.047619047619047,-46.87229053744546
841.58357771261,19.047619047619047,-47.29536418628569
841.603128054741,20.634920634920633,-47.836647482347715
841.622678396872,19.047619047619047,-48.3829657955628
841.6422287390029,19.047619047619047,-48.98477764194587
841.6617790811339,17.46031746031746,-49.79322960998793
841.6813294232649,19.047619047619047,-50.60945138753776
841.7008797653959,17.46031746031746,-51.36773563638317
841.7204301075269,17.46031746031746,-52.1612617421717
841.7399804496579,17.46031746031746,-52.75415196462789
841.7595307917888,19.047619047619047,-53.01550382426119
841.7790811339198,22.22222222222222,-53.030178861158824
841.7986314760508,22.22222222222222,-52.81552508580887
841.8181818181819,20.634920634920633,-52.311062124809
841.8377321603128,17.46031746031746,-51.676545303980646
841.8572825024438,17.46031746031746,-50.94718394129166
841.8768328445748,17.46031746031746,-50.160130087998105
841.8963831867057,15.873015873015872,-49.39918644831425
841.9159335288367,15.873015873015872,-48.7108287809641
841.9354838709677,15.873015873015872,-48.0978560973191
841.9550342130988,17.46031746031746,-47.56956929090454
841.9745845552297,17.46031746031746,-47.10300286398006
841.9941348973607,17.46031746031746,-46.70476747777024
842.0136852394917,17.46031746031746,-46.38399840546264
842.0332355816226,14.285714285714285,-46.136809621672654
842.0527859237536,14.285714285714285,-45.9440423646381
842.0723362658847,17.46031746031746,-45.808969927078735
842.0918866080157,19.047619047619047,-45.735633318501876
842.1114369501466,19.047619047619047,-45.73915453189042
842.1309872922776,17.46031746031746,-45.80297576140488
842.1505376344086,19.047619047619047,-45.924760016543814
842.1700879765395,20.634920634920633,-46.10043411517772
842.1896383186706,17.46031746031746,-46.358370243532406
842.2091886608016,19.047619047619047,-46.682981935743975
842.2287390029326,19.047619047619047,-47.06840206692918
842.2482893450635,19.047619047619047,-47.53588836802338
842.2678396871945,22.22222222222222,-48.08286539609902
842.2873900293255,22.22222222222222,-48.714441675198714
842.3069403714564,23.809523809523807,-49.417098024116726
842.3264907135875,20.634920634920633,-50.23918620405705
842.3460410557185,22.22222222222222,-51.10909661338197
842.3655913978495,22.22222222222222,-51.910778517675
842.3851417399804,22.22222222222222,-52.81854331568475
842.4046920821114,22.22222222222222,-53.46049050593664
842.4242424242424,17.46031746031746,-53.96383166871011
842.4437927663735,17.46031746031746,-52.783029128669625
842.4633431085044,19.047619047619047,-54.03644625788826
842.4828934506354,20.634920634920633,-53.367372746259214
842.5024437927664,19.047619047619047,-51.555274952059655
842.5219941348973,17.46031746031746,-51.42381012399134
842.5415444770283,17.46031746031746,-50.64047902438449
842.5610948191593,17.46031746031746,-49.79942250213638
842.5806451612904,19.047619047619047,-49.030554122857794
842.6001955034213,22.22222222222222,-48.19629478850195
842.6197458455523,22.22222222222222,-47.165842870983106
842.6392961876833,20.634920634920633,-46.96843312994845
842.6588465298142,22.22222222222222,-46.73271295280391
842.6783968719452,22.22222222222222,-46.087180390456325
842.6979472140763,22.22222222222222,-45.527479964263755
842.7174975562073,19.047619047619047,-45.75483005574821
842.7370478983382,19.047619047619047,-45.6236896338047
842.7565982404692,19.047619047619047,-45.65832064402148
842.7761485826002,19.047619047619047,-45.60015328342756
842.7956989247311,20.634920634920633,-45.52841397757528
842.8152492668622,19.047619047619047,-45.60981442270652
842.8347996089932,20.634920634920633,-45.741073297737074
842.8543499511242,20.634920634920633,-45.99298546603063
842.8739002932551,22.22222222222222,-46.28894619783253
842.8934506353861,20.634920634920633,-46.471872513865016
842.9130009775171,20.634920634920633,-46.90407735615611
842.932551319648,20.634920634920633,-47.16357978499828
842.9521016617791,17.46031746031746,-47.61184942840346
842.9716520039101,20.634920634920633,-48.10473872409247
842.9912023460411,22.22222222222222,-48.72383737504996
843.010752688172,19.047619047619047,-49.3502244086277
843.030303030303,19.047619047619047,-49.45454382009049
843.049853372434,17.46031746031746,-49.8123877511985
843.069403714565,20.634920634920633,-49.9986876751992
843.088954056696,23.809523809523807,-50.150187116870896
843.108504398827,23.809523809523807,-49.87796537976579
843.128054740958,19.047619047619047,-49.37229685164509
843.1476050830889,19.047619047619047,-48.70810241268161
843.1671554252199,20.634920634920633,-48.485996316457395
843.1867057673509,23.809523809523807,-47.73567402620246
843.206256109482,23.809523809523807,-47.28995395291874
843.2258064516129,17.46031746031746,-46.956983631576065
843.2453567937439,17.46031746031746,-46.43159601975516
843.2649071358749,19.047619047619047,-45.86321369990362
843.2844574780058,20.634920634920633,-45.08636265885339
843.3040078201368,20.634920634920633,-45.04656851296624
843.3235581622679,20.634920634920633,-44.534985405850975
843.3431085043989,20.634920634920633,-44.49359922683993
843.3626588465298,15.873015873015872,-44.202870728508856
843.3822091886608,19.047619047619047,-44.07088950476749
843.4017595307918,20.634920634920633,-43.96702961273399
843.4213098729227,19.047619047619047,-43.85999295648552
843.4408602150538,19.047619047619047,-43.85860304420827
843.4604105571848,19.047619047619047,-43.862180274721965
843.4799608993158,20.634920634920633,-43.9258610331109
843.4995112414467,20.634920634920633,-44.049697544959514
843.5190615835777,19.047619047619047,-44.19782740043669
843.5386119257087,19.047619047619047,-44.404682422511534
843.5581622678396,20.634920634920633,-44.67390037272142
843.5777126099707,20.634920634920633,-44.95366120817178
843.5972629521017,20.634920634920633,-45.22758373337395
843.6168132942327,19.047619047619047,-45.76138895772458
843.6363636363636,20.634920634920633,-46.27535430906604
843.6559139784946,19.047619047619047,-46.83095157443105
843.6754643206256,19.047619047619047,-47.43403493392604
843.6950146627566,20.634920634920633,-48.14265516237923
843.7145650048876,17.46031746031746,-48.885242155080206
843.7341153470186,15.873015873015872,-49.73601793017294
843.7536656891496,19.047619047619047,-50.421206254594075
843.7732160312805,19.047619047619047,-51.63281530790745
843.7927663734115,17.46031746031746,-52.73250466207179
843.8123167155425,15.873015873015872,-53.892986346779054
843.8318670576735,14.285714285714285,-53.648736942440436
843.8514173998045,15.873015873015872,-56.1542087601231
843.8709677419355,20.634920634920633,-56.87390673421952
843.8905180840665,19.047619047619047,-55.563140218921376
843.9100684261974,19.047619047619047,-54.126971544430106
843.9296187683284,17.46031746031746,-56.770459836972464
843.9491691104595,19.047619047619047,-53.6081134633179
843.9687194525904,19.047619047619047,-55.99540931551232
843.9882697947214,19.047619047619047,-56.21463560387099
844.0078201368524,19.047619047619047,-56.977993682481355
844.0273704789834,22.22222222222222,-56.34922642593531
844.0469208211143,20.634920634920633,-56.244175295425904
844.0664711632454,25.396825396825395,-55.748293352554334
844.0860215053764,22.22222222222222,-55.8297984828111
844.1055718475073,20.634920634920633,-54.91855065085009
844.1251221896383,23.809523809523807,-54.26695825058796
844.1446725317693,25.396825396825395,-57.2472452805637
844.1642228739003,25.396825396825395,-57.6473973024768
844.1837732160312,25.396825396825395,-57.67408973754804
844.2033235581623,23.809523809523807,-57.4386871430055
844.2228739002933,25.396825396825395,-56.894690180067656
844.2424242424242,25.396825396825395,-55.722074207216004
844.2619745845552,28.57142857142857,-54.4606128565189
844.2815249266862,28.57142857142857,-53.24888550678935
844.3010752688172,26.984126984126984,-51.9829845436205
844.3206256109482,25.396825396825395,-50.81285575937616
844.3401759530792,23.809523809523807,-49.66032982433244
844.3597262952102,23.809523809523807,-48.621993350718185
844.3792766373411,20.634920634920633,-47.68078198853143
844.3988269794721,17.46031746031746,-46.83358354798645
844.4183773216031,19.047619047619047,-46.028517974484785
844.4379276637342,20.634920634920633,-45.28288383951259
844.4574780058651,20.634920634920633,-44.608539549302115
844.4770283479961,22.22222222222222,-44.022011858075956
844.4965786901271,20.634920634920633,-43.48163387929947
844.516129032258,20.634920634920633,-42.98748150551364
844.535679374389,20.634920634920633,-42.52986590719089
844.55522971652,23.809523809523807,-42.16167411487482
844.5747800586511,23.809523809523807,-41.82001947890271
844.594330400782,22.22222222222222,-41.52976771156736
844.613880742913,22.22222222222222,-41.27207380205049
844.633431085044,22.22222222222222,-41.048528792631664
844.652981427175,23.809523809523807,-40.864095109793375
844.6725317693059,23.809523809523807,-40.75073329888694
844.692082111437,22.22222222222222,-40.65190443323995
844.711632453568,20.634920634920633,-40.589626408925966
844.7311827956989,20.634920634920633,-40.57078264396861
844.7507331378299,25.396825396825395,-40.576287895168164
844.7702834799609,22.22222222222222,-40.63417905790401
844.7898338220919,23.809523809523807,-40.69909159671593
844.8093841642228,22.22222222222222,-40.8273995520275
844.8289345063539,23.809523809523807,-40.96806789258891
844.8484848484849,23.809523809523807,-41.14245774133133
844.8680351906158,26.984126984126984,-41.339371756696785
844.8875855327468,26.984126984126984,-41.54975346668331
844.9071358748778,22.22222222222222,-41.79278025959864
844.9266862170088,23.809523809523807,-42.048656317450295
844.9462365591398,22.22222222222222,-42.299491336309586
844.9657869012708,23.809523809523807,-42.54267873365136
844.9853372434018,23.809523809523807,-42.790313366565165
845.0048875855327,23.809523809523807,-42.943023060202876
845.0244379276637,20.634920634920633,-43.187564150146436
845.0439882697947,22.22222222222222,-43.30756244146875
845.0635386119258,23.809523809523807,-43.37639246807163
845.0830889540567,23.809523809523807,-43.37272748075277
845.1026392961877,22.22222222222222,-43.33759438306199
845.1221896383187,22.22222222222222,-43.2536115935644
845.1417399804496,22.22222222222222,-43.10986023679614
845.1612903225806,23.809523809523807,-42.91289083877316
845.1808406647116,22.22222222222222,-42.68886112785906
845.2003910068427,19.047619047619047,-42.45098926803105
845.2199413489736,19.047619047619047,-42.20836422793472
845.2394916911046,19.047619047619047,-41.96414194202076
845.2590420332356,22.22222222222222,-41.7248805358005
845.2785923753665,23.809523809523807,-41.50889732616706
845.2981427174975,20.634920634920633,-41.31978011374489
845.3176930596286,20.634920634920633,-41.15120171137228
845.3372434017596,20.634920634920633,-41.01148442788719
845.3567937438905,22.22222222222222,-40.89698396552854
845.3763440860215,22.22222222222222,-40.814483054486274
845.3958944281525,19.047619047619047,-40.77395412643228
845.4154447702834,22.22222222222222,-40.78109720128709
845.4349951124144,22.22222222222222,-40.812301742284795
845.4545454545455,23.809523809523807,-40.883160568642445
845.4740957966765,23.809523809523807,-40.99391742180209
845.4936461388074,22.22222222222222,-41.1533237461133
845.5131964809384,22.22222222222222,-41.352330052074066
845.5327468230694,22.22222222222222,-41.59519733710362
845.5522971652003,23.809523809523807,-41.88462813060255
845.5718475073314,25.396825396825395,-42.21886303741759
845.5913978494624,26.984126984126984,-42.6105336086659
845.6109481915934,25.396825396825395,-43.03570533432722
845.6304985337243,25.396825396825395,-43.55293444408578
845.6500488758553,28.57142857142857,-44.13438205812711
845.6695992179863,25.396825396825395,-44.78169344986548
845.6891495601174,26.984126984126984,-45.5069956223523
845.7086999022483,23.809523809523807,-46.31962779707574
845.7282502443793,20.634920634920633,-47.21495080828476
845.7478005865103,22.22222222222222,-48.23959928228642
845.7673509286412,22.22222222222222,-49.368613421781696
845.7869012707722,20.634920634920633,-50.62190225610399
845.8064516129032,19.047619047619047,-52.01027883835594
845.8260019550343,20.634920634920633,-53.47291187881251
845.8455522971652,22.22222222222222,-54.959953390466595
845.8651026392962,22.22222222222222,-56.29257759282244
845.8846529814272,22.22222222222222,-57.11138904257232
845.9042033235581,19.047619047619047,-57.249909347280436
845.9237536656891,20.634920634920633,-56.57800099907283
845.9433040078202,22.22222222222222,-55.57962624127039
845.9628543499512,23.809523809523807,-54.677729258423604
845.9824046920821,25.396825396825395,-53.67389186799504
846.0019550342131,23.809523809523807,-52.892573950372466
846.0215053763441,23.809523809523807,-52.23722346543964
846.041055718475,25.396825396825395,-51.6599922899557
846.060606060606,23.809523809523807,-51.2904444491988
846.0801564027371,23.809523809523807,-50.98489232310642
846.0997067448681,23.809523809523807,-50.882533042439
846.119257086999,26.984126984126984,-50.82123952652407
846.13880742913,28.57142857142857,-50.858020959589325
846.158357771261,28.57142857142857,-51.11455476388394
846.1779081133919,26.984126984126984,-51.278418886108255
846.197458455523,23.809523809523807,-51.25530345084368
846.217008797654,25.396825396825395,-51.81425580019102
846.236559139785,26.984126984126984,-52.49361084485806
846.2561094819159,25.396825396825395,-46.86083873303911
846.2756598240469,23.809523809523807,-44.45557458381769
846.2952101661779,23.809523809523807,-44.56091080469267
846.314760508309,23.809523809523807,-40.402298876941245
846.3343108504399,23.809523809523807,-39.45914810516309
846.3538611925709,23.809523809523807,-38.877696462867064
846.3734115347019,23.809523809523807,-38.270709771197794
846.3929618768328,22.22222222222222,-28.004996852470278
846.4125122189638,22.22222222222222,-33.40398018438086
846.4320625610948,23.809523809523807,-34.97197560303026
846.4516129032259,22.22222222222222,-35.65304504976785
846.4711632453568,22.22222222222222,-34.604262743878245
846.4907135874878,22.22222222222222,-39.28538862514043
846.5102639296188,22.22222222222222,-41.659636721548125
846.5298142717497,25.396825396825395,-42.169616207456386
846.5493646138807,25.396825396825395,-44.56180540823409
846.5689149560118,26.984126984126984,-44.48233185304592
846.5884652981428,25.396825396825395,-44.00036246746066
846.6080156402737,26.984126984126984,-43.622221968115326
846.6275659824047,26.984126984126984,-43.07462919882097
846.6471163245357,26.984126984126984,-42.210202589021726
846.6666666666666,30.158730158730158,-41.88729451063294
846.6862170087976,28.57142857142857,-39.04636800334596
846.7057673509287,28.57142857142857,-36.09971582968398
846.7253176930597,28.57142857142857,-33.03628690369827
846.7448680351906,30.158730158730158,-33.636333043496194
846.7644183773216,28.57142857142857,-29.249677653810462
846.7839687194526,26.984126984126984,-30.828208507592734
846.8035190615835,26.984126984126984,-33.80538831217714
846.8230694037146,26.984126984126984,-29.05991308279618
846.8426197458456,28.57142857142857,-31.11455449130868
846.8621700879766,28.57142857142857,-30.393132253649956
846.8817204301075,30.158730158730158,-31.356195409007356
846.9012707722385,26.984126984126984,-34.101178823718016
846.9208211143695,26.984126984126984,-31.308036398820775
846.9403714565005,28.57142857142857,-30.115707907439926
846.9599217986315,28.57142857142857,-27.95187276904427
846.9794721407625,28.57142857142857,-32.72207276448588
846.9990224828935,28.57142857142857,-25.935188450609697
847.0185728250244,26.984126984126984,-28.05380305954662
847.0381231671554,26.984126984126984,-27.704427514465245
847.0576735092864,26.984126984126984,-30.619404552158723
847.0772238514174,26.984126984126984,-29.441026679485102
847.0967741935484,25.396825396825395,-30.907073911646666
847.1163245356794,25.396825396825395,-34.62260854631764
847.1358748778104,25.396825396825395,-32.5818127940209
847.1554252199413,26.984126984126984,-30.55404530559698
847.1749755620723,26.984126984126984,-26.97273998420605
847.1945259042034,25.396825396825395,-30.08888127337242
847.2140762463343,23.809523809523807,-30.088997169598258
847.2336265884653,25.396825396825395,-28.71728739785253
847.2531769305963,30.158730158730158,-29.41564454175085
847.2727272727273,30.158730158730158,-31.796079976706856
847.2922776148582,28.57142857142857,-31.995946148094742
847.3118279569892,26.984126984126984,-35.11327535240343
847.3313782991203,28.57142857142857,-37.35230968924473
847.3509286412512,28.57142857142857,-36.81682763282907
847.3704789833822,28.57142857142857,-33.51001296465715
847.3900293255132,26.984126984126984,-34.66816028005663
847.4095796676442,25.396825396825395,-31.83187406973259
847.4291300097751,26.984126984126984,-35.582622678805045
847.4486803519062,28.57142857142857,-36.41591461530331
847.4682306940372,28.57142857142857,-35.43411932878693
847.4877810361681,26.984126984126984,-37.85803130419559
847.5073313782991,28.57142857142857,-39.24484577151728
847.5268817204301,28.57142857142857,-42.5858067924996
847.546432062561,26.984126984126984,-43.725799988640055
847.5659824046921,26.984126984126984,-45.14392955318175
847.5855327468231,28.57142857142857,-46.08830027337347
847.6050830889541,28.57142857142857,-47.02411410768021
847.624633431085,30.158730158730158,-47.893649354554896
847.644183773216,30.158730158730158,-48.86012623379689
847.663734115347,30.158730158730158,-50.09899687085657
847.683284457478,28.57142857142857,-51.37492937405377
847.702834799609,30.158730158730158,-52.58837396227146
847.72238514174,30.158730158730158,-53.523161080537434
847.741935483871,30.158730158730158,-53.93047650081986
847.761485826002,28.57142857142857,-53.830499215902385
847.7810361681329,25.396825396825395,-52.942186588822786
847.8005865102639,26.984126984126984,-51.7823119887635
847.820136852395,26.984126984126984,-50.51490678949155
847.8396871945259,26.984126984126984,-49.298619692611865
847.8592375366569,28.57142857142857,-48.265147174108336
847.8787878787879,28.57142857142857,-47.324119382993004
847.8983382209188,26.984126984126984,-46.493940303696625
847.9178885630498,28.57142857142857,-45.778547210280635
847.9374389051809,30.158730158730158,-45.16987213893496
847.9569892473119,30.158730158730158,-44.644247127014225
847.9765395894428,30.158730158730158,-44.20123416668902
847.9960899315738,28.57142857142857,-43.84483421628264
848.0156402737048,28.57142857142857,-43.55425939905195
848.0351906158357,28.57142857142857,-43.34764597042351
848.0547409579667,30.158730158730158,-43.208353639024544
848.0742913000978,30.158730158730158,-43.12119249630363
848.0938416422288,25.396825396825395,-43.11424242887377
848.1133919843597,26.984126984126984,-43.168468412806845
848.1329423264907,30.158730158730158,-43.29063473509272
848.1524926686217,26.984126984126984,-43.47705696778127
848.1720430107526,25.396825396825395,-43.729689541204316
848.1915933528837,23.809523809523807,-44.07237016156579
848.2111436950147,28.57142857142857,-44.455564985598784
848.2306940371457,28.57142857142857,-44.94850580678781
848.2502443792766,26.984126984126984,-45.524970849851115
848.2697947214076,26.984126984126984,-46.17798994773593
848.2893450635386,26.984126984126984,-46.94040827958884
848.3088954056695,26.984126984126984,-47.726858867411295
848.3284457478006,26.984126984126984,-48.63199325730016
848.3479960899316,26.984126984126984,-49.38930594791871
848.3675464320626,26.984126984126984,-50.578110267386194
848.3870967741935,25.396825396825395,-50.37520202263543
848.4066471163245,25.396825396825395,-51.163656559404245
848.4261974584555,25.396825396825395,-49.967248076108994
848.4457478005866,23.809523809523807,-47.15471273349409
848.4652981427175,23.809523809523807,-44.97705493984726
848.4848484848485,23.809523809523807,-45.77370873612432
848.5043988269795,23.809523809523807,-37.28584482717844
848.5239491691104,25.396825396825395,-36.204192373927334
848.5434995112414,26.984126984126984,-36.924756547634516
848.5630498533724,28.57142857142857,-28.570843590963623
848.5826001955035,26.984126984126984,-31.74529977341406
848.6021505376344,28.57142857142857,-31.584910333086565
848.6217008797654,28.57142857142857,-27.79246712193977
848.6412512218964,26.984126984126984,-32.911108884632476
848.6608015640273,28.57142857142857,-33.42022147604797
848.6803519061583,30.158730158730158,-39.19116560669897
848.6999022482894,28.57142857142857,-36.29266051502797
848.7194525904204,30.158730158730158,-38.045599451751166
848.7390029325513,31.746031746031743,-40.796033162871126
848.7585532746823,31.746031746031743,-41.013168590992386
848.7781036168133,25.396825396825395,-41.909214752106365
848.7976539589442,23.809523809523807,-42.35269141073061
848.8172043010753,26.984126984126984,-42.77196642760225
848.8367546432063,26.984126984126984,-43.18129657125298
848.8563049853373,25.396825396825395,-43.560868841398836
848.8758553274682,23.809523809523807,-44.1156804856194
848.8954056695992,26.984126984126984,-44.82439529972684
848.9149560117302,25.396825396825395,-45.645455690019716
848.9345063538611,25.396825396825395,-46.44764345352214
848.9540566959922,25.396825396825395,-47.5452810576817
848.9736070381232,25.396825396825395,-48.95575365195231
848.9931573802542,22.22222222222222,-50.5005437161728
849.0127077223851,26.984126984126984,-52.26461091649618
849.0322580645161,25.396825396825395,-54.23872933075501
849.0518084066471,25.396825396825395,-56.00213626658089
849.0713587487782,25.396825396825395,-56.30407300058212
849.0909090909091,28.57142857142857,-54.82448356056555
849.1104594330401,30.158730158730158,-52.72744248175605
849.1300097751711,28.57142857142857,-50.7071042415222
849.149560117302,30.158730158730158,-48.90453240104588
849.169110459433,30.158730158730158,-47.4727942488537
849.1886608015641,30.158730158730158,-46.197692219824305
849.208211143695,31.746031746031743,-45.153913359314984
849.227761485826,31.746031746031743,-44.24316398714708
849.247311827957,28.57142857142857,-43.45399592912002
849.266862170088,31.746031746031743,-42.77722971110934
849.2864125122189,28.57142857142857,-42.20330409157171
849.3059628543499,30.158730158730158,-41.72137956325061
849.325513196481,28.57142857142857,-41.30417607789654
849.345063538612,31.746031746031743,-40.98447318807432
849.3646138807429,33.33333333333333,-40.73403808917824
849.3841642228739,30.158730158730158,-40.56072086897305
849.4037145650049,26.984126984126984,-40.44238278426487
849.4232649071358,28.57142857142857,-40.39847852393832
849.4428152492669,26.984126984126984,-40.40496972543466
849.4623655913979,28.57142857142857,-40.49919172960698
849.4819159335289,25.396825396825395,-40.65541765954758
849.5014662756598,30.158730158730158,-40.87122469312595
849.5210166177908,30.158730158730158,-41.16310263278354
849.5405669599218,31.746031746031743,-41.53586617022046
849.5601173020527,30.158730158730158,-41.98835558942713
849.5796676441838,31.746031746031743,-42.513783919902046
849.5992179863148,33.33333333333333,-43.13070725496133
849.6187683284458,36.507936507936506,-43.82860701289631
849.6383186705767,36.507936507936506,-44.602263530554104
849.6578690127077,33.33333333333333,-45.44187144005179
849.6774193548387,30.158730158730158,-46.267931827856756
849.6969696969697,34.92063492063492,-46.95841859302132
849.7165200391007,38.095238095238095,-47.05107173913687
849.7360703812317,38.095238095238095,-47.376365366365214
849.7556207233627,41.269841269841265,-46.98224673150133
849.7751710654936,42.857142857142854,-46.18122210305287
849.7947214076246,41.269841269841265,-45.15524163492696
849.8142717497557,42.857142857142854,-44.144857571818115
849.8338220918866,44.44444444444444,-43.11284985118863
849.8533724340176,46.03174603174603,-42.15505997339396
849.8729227761486,44.44444444444444,-41.25964088672248
849.8924731182796,47.61904761904761,-40.4475323218618
849.9120234604105,47.61904761904761,-39.71547076043497
849.9315738025415,49.2063492063492,-39.06567293745979
849.9511241446726,57.14285714285714,-38.48870341017609
849.9706744868035,66.66666666666666,-37.97281179774831
849.9902248289345,68.25396825396825,-37.5181499741247
850.0097751710655,82.53968253968253,-37.07829772395015
850.0293255131965,66.66666666666666,-36.82266227077868
850.0488758553274,66.66666666666666,-36.58042468905301
850.0684261974585,58.730158730158735,-36.393976876662656
850.0879765395895,55.55555555555556,-36.25670243634629
850.1075268817204,53.96825396825397,-36.166906820556434
850.1270772238514,49.2063492063492,-36.13284690711611
850.1466275659824,50.79365079365079,-36.15727930537476
850.1661779081134,47.61904761904761,-36.24150512487328
850.1857282502443,46.03174603174603,-36.381110650243755
850.2052785923754,44.44444444444444,-36.58315483231956
850.2248289345064,44.44444444444444,-36.853944776220956
850.2443792766373,46.03174603174603,-37.199170057921705
850.2639296187683,47.61904761904761,-37.62342536603084
850.2834799608993,46.03174603174603,-38.13405777678652
850.3030303030303,39.682539682539684,-38.73922934894382
850.3225806451613,42.857142857142854,-39.40249830975911
850.3421309872923,41.269841269841265,-40.31420731691631
850.3616813294233,39.682539682539684,-41.329852859317555
850.3812316715542,34.92063492063492,-42.5254507647728
850.4007820136852,41.269841269841265,-43.90798388995003
850.4203323558162,39.682539682539684,-45.48622800237191
850.4398826979473,42.857142857142854,-47.13794241691717
850.4594330400782,39.682539682539684,-48.4735440601408
850.4789833822092,44.44444444444444,-48.5850491022014
850.4985337243402,46.03174603174603,-47.37341250971178
850.5180840664711,44.44444444444444,-45.552870165293086
850.5376344086021,46.03174603174603,-43.736940218930684
850.5571847507331,46.03174603174603,-42.08409950966424
850.5767350928642,49.2063492063492,-40.614799998466935
850.5962854349951,44.44444444444444,-39.331619920399284
850.6158357771261,44.44444444444444,-38.21018452560431
850.6353861192571,42.857142857142854,-37.23015594041002
850.654936461388,44.44444444444444,-36.355481429179584
850.674486803519,47.61904761904761,-35.58210238743966
850.6940371456501,46.03174603174603,-34.896165240607566
850.7135874877811,44.44444444444444,-34.27924219161562
850.733137829912,41.269841269841265,-33.72905665713726
850.752688172043,49.2063492063492,-33.24153268655348
850.772238514174,44.44444444444444,-32.80715458896916
850.791788856305,52.38095238095239,-32.42134256297886
850.8113391984359,55.55555555555556,-32.0757174136906
850.830889540567,53.96825396825397,-31.772260994989693
850.850439882698,55.55555555555556,-31.50442257158714
850.8699902248289,55.55555555555556,-31.270554105624093
850.8895405669599,50.79365079365079,-31.060609100099434
850.9090909090909,52.38095238095239,-30.8739974269001
850.9286412512218,55.55555555555556,-30.706271777020074
850.9481915933529,57.14285714285714,-30.5561162877185
850.9677419354839,55.55555555555556,-30.410883393510893
850.9872922776149,55.55555555555556,-30.262030943300164
851.0068426197458,61.904761904761905,-30.099173902001986
851.0263929618768,68.25396825396825,-29.94308303373891
851.0459433040078,63.49206349206349,-29.80154433253159
851.0654936461389,63.49206349206349,-29.659961828882402
851.0850439882698,61.904761904761905,-29.471662998115992
851.1045943304008,76.19047619047619,-29.26149642188099
851.1241446725318,80.95238095238095,-29.025413458829515
851.1436950146627,77.77777777777779,-28.79552340910695
851.1632453567937,82.53968253968253,-28.489033831461864
851.1827956989247,77.77777777777779,-28.148749748826116
851.2023460410558,80.95238095238095,-27.790695157834058
851.2218963831867,80.95238095238095,-27.40855071538741
851.2414467253177,80.95238095238095,-27.009453953677962
851.2609970674487,82.53968253968253,-26.735031069506707
851.2805474095796,79.36507936507937,-26.405839454016533
851.3000977517106,80.95238095238095,-25.738622781917528
851.3196480938417,74.60317460317461,-25.763649959916457
851.3391984359727,76.19047619047619,-25.407672718325184
851.3587487781036,76.19047619047619,-25.043228534257832
851.3782991202346,77.77777777777779,-24.69056805344629
851.3978494623656,79.36507936507937,-24.35972901316095
851.4173998044965,76.19047619047619,-24.043842755336335
851.4369501466276,79.36507936507937,-23.728477180927044
851.4565004887586,79.36507936507937,-23.41531966505094
851.4760508308896,69.84126984126983,-23.13257199538903
851.4956011730205,66.66666666666666,-22.901785070287346
851.5151515151515,71.42857142857143,-22.715524846027456
851.5347018572825,74.60317460317461,-22.545631271517514
851.5542521994134,77.77777777777779,-22.370459705506267
851.5738025415445,74.60317460317461,-22.19295480768885
851.5933528836755,79.36507936507937,-22.032301315396676
851.6129032258065,76.19047619047619,-21.896776957229736
851.6324535679374,73.01587301587301,-21.78397581976826
851.6520039100684,79.36507936507937,-21.684625099136163
851.6715542521994,74.60317460317461,-21.61528455799441
851.6911045943305,74.60317460317461,-21.560372672405904
851.7106549364614,73.01587301587301,-21.52908404281827
851.7302052785924,73.01587301587301,-21.51947313088341
851.7497556207234,69.84126984126983,-21.531832292930424
851.7693059628543,73.01587301587301,-21.565547516280226
851.7888563049853,66.66666666666666,-21.619258342793263
851.8084066471163,69.84126984126983,-21.671360591015983
851.8279569892474,73.01587301587301,-21.613069571208907
851.8475073313783,74.60317460317461,-21.925545826049046
851.8670576735093,73.01587301587301,-22.07661931135183
851.8866080156403,74.60317460317461,-22.247704827067793
851.9061583577712,73.01587301587301,-22.441152353160643
851.9257086999022,74.60317460317461,-22.66179882505059
851.9452590420333,76.19047619047619,-22.915927408034694
851.9648093841643,79.36507936507937,-23.2083466533723
851.9843597262952,76.19047619047619,-23.532422563186106
852.0039100684262,77.77777777777779,-23.87177923544039
852.0234604105572,65.07936507936508,-24.233285160987137
852.0430107526881,66.66666666666666,-24.60931589400313
852.0625610948191,69.84126984126983,-25.03066673500987
852.0821114369502,65.07936507936508,-25.454179269540287
852.1016617790812,66.66666666666666,-25.858999957793674
852.1212121212121,68.25396825396825,-26.248326477591828
852.1407624633431,69.84126984126983,-26.655253468166883
852.1603128054741,69.84126984126983,-27.210425237423877
852.179863147605,74.60317460317461,-27.907026061328803
852.1994134897361,74.60317460317461,-28.740073725944335
852.2189638318671,76.19047619047619,-29.57960604736285
852.238514173998,74.60317460317461,-30.30800671735044
852.258064516129,76.19047619047619,-30.772750626338695
852.27761485826,74.60317460317461,-30.93580925885545
852.297165200391,76.19047619047619,-30.6578343747576
852.316715542522,80.95238095238095,-30.388478027120858
852.336265884653,80.95238095238095,-30.73819076423821
852.355816226784,73.01587301587301,-31.52844923119391
852.375366568915,71.42857142857143,-31.766059814273213
852.3949169110459,79.36507936507937,-31.675770536846525
852.4144672531769,80.95238095238095,-31.201701170744826
852.4340175953079,79.36507936507937,-30.876084719267443
852.453567937439,73.01587301587301,-30.65105982639514
852.4731182795699,69.84126984126983,-30.443333951244448
852.4926686217009,68.25396825396825,-30.101671950293657
852.5122189638319,71.42857142857143,-29.56880189982806
852.5317693059628,74.60317460317461,-28.987671107411124
852.5513196480938,74.60317460317461,-28.480557554685785
852.5708699902249,77.77777777777779,-28.100374509979847
852.5904203323558,74.60317460317461,-28.008741487347475
852.6099706744868,68.25396825396825,-27.99173563203338
852.6295210166178,66.66666666666666,-27.98280130468466
852.6490713587488,66.66666666666666,-27.945774508029196
852.6686217008797,77.77777777777779,-27.893695652511177
852.6881720430108,74.60317460317461,-27.800723493641378
852.7077223851418,66.66666666666666,-27.681198158194867
852.7272727272727,76.19047619047619,-27.558141120704718
852.7468230694037,79.36507936507937,-27.49977111445281
852.7663734115347,80.95238095238095,-27.510548128070155
852.7859237536657,77.77777777777779,-27.289156071177306
852.8054740957966,76.19047619047619,-26.879106484103012
852.8250244379277,77.77777777777779,-27.54368005426369
852.8445747800587,71.42857142857143,-27.539697719827082
852.8641251221896,71.42857142857143,-27.54416642617697
852.8836754643206,77.77777777777779,-27.58069480801883
852.9032258064516,82.53968253968253,-27.630131739133148
852.9227761485826,79.36507936507937,-27.655422206660795
852.9423264907136,84.12698412698413,-27.658947902386895
852.9618768328446,82.53968253968253,-27.644000700269462
852.9814271749756,79.36507936507937,-27.617048065406948
853.0009775171065,74.60317460317461,-27.534973284035836
853.0205278592375,74.60317460317461,-27.2971749422873
853.0400782013685,73.01587301587301,-27.05053259508913
853.0596285434995,73.01587301587301,-26.798257877699573
853.0791788856305,73.01587301587301,-26.792891591391026
853.0987292277615,77.77777777777779,-27.031972997071367
853.1182795698925,76.19047619047619,-27.08793371860088
853.1378299120234,90.47619047619048,-26.993795865734157
853.1573802541544,92.06349206349206,-26.710839356586213
853.1769305962854,80.95238095238095,-26.57416576058582
853.1964809384165,77.77777777777779,-27.09025966642084
853.2160312805474,74.60317460317461,-27.075645792975177
853.2355816226784,77.77777777777779,-26.685348491552073
853.2551319648094,82.53968253968253,-26.442806294834913
853.2746823069403,73.01587301587301,-26.59595434352095
853.2942326490713,74.60317460317461,-26.76369315589801
853.3137829912024,69.84126984126983,-27.07349386183762
853.3333333333334,66.66666666666666,-27.364820290700763
853.3528836754643,61.904761904761905,-27.549749721759092
853.3724340175953,74.60317460317461,-27.708139869588948
853.3919843597263,69.84126984126983,-27.877999865665668
853.4115347018572,57.14285714285714,-28.047535964035507
853.4310850439882,58.730158730158735,-28.266368515552763
853.4506353861193,57.14285714285714,-28.5136971001262
853.4701857282503,63.49206349206349,-28.763170453258535
853.4897360703812,57.14285714285714,-29.042688822394467
853.5092864125122,53.96825396825397,-29.376140410603853
853.5288367546432,52.38095238095239,-29.759717130535908
853.5483870967741,53.96825396825397,-30.16501391002898
853.5679374389052,50.79365079365079,-30.6186450539278
853.5874877810362,52.38095238095239,-31.107948428449497
853.6070381231672,50.79365079365079,-31.654592534280294
853.6265884652981,47.61904761904761,-32.269526680079046
853.6461388074291,47.61904761904761,-32.94946861891701
853.6656891495601,47.61904761904761,-33.690354622767714
853.685239491691,46.03174603174603,-34.48585982860936
853.7047898338221,47.61904761904761,-35.374787404553075
853.7243401759531,46.03174603174603,-36.39701715773524
853.7438905180841,47.61904761904761,-37.51799735862113
853.763440860215,47.61904761904761,-38.57983910681816
853.782991202346,49.2063492063492,-40.01304324855446
853.802541544477,47.61904761904761,-41.48738564180171
853.8220918866081,46.03174603174603,-43.081964907120096
853.841642228739,44.44444444444444,-44.53036248743635
853.86119257087,46.03174603174603,-45.513375191351145
853.880742913001,46.03174603174603,-45.56866442026215
853.9002932551319,44.44444444444444,-44.99893850806055
853.9198435972629,44.44444444444444,-44.102671433990096
853.939393939394,42.857142857142854,-43.047888216389076
853.958944281525,39.682539682539684,-41.964298497998776
853.9784946236559,42.857142857142854,-41.0204200165981
853.9980449657869,39.682539682539684,-40.21071834978319
854.0175953079179,42.857142857142854,-39.549304051952355
854.0371456500488,39.682539682539684,-38.95804347708679
854.0566959921798,39.682539682539684,-38.29444584613913
854.0762463343109,38.095238095238095,-38.197025489020454
854.0957966764419,34.92063492063492,-37.919789060119506
854.1153470185728,36.507936507936506,-37.74336927670886
854.1348973607038,39.682539682539684,-37.64722008835771
854.1544477028348,41.269841269841265,-37.61652633580903
854.1739980449657,41.269841269841265,-37.65122667248881
854.1935483870968,38.095238095238095,-37.75951625573714
854.2130987292278,39.682539682539684,-37.96015206917008
854.2326490713588,39.682539682539684,-38.00965519910319
854.2521994134897,41.269841269841265,-38.58995878080024
854.2717497556207,38.095238095238095,-39.01163838076328
854.2913000977517,39.682539682539684,-39.48474788968849
854.3108504398826,39.682539682539684,-40.10804993773726
854.3304007820137,39.682539682539684,-40.57348073125592
854.3499511241447,33.33333333333333,-41.731931274559734
854.3695014662757,33.33333333333333,-42.73964912034177
854.3890518084066,34.92063492063492,-40.77828361984949
854.4086021505376,30.158730158730158,-44.65208328381526
854.4281524926686,30.158730158730158,-46.0517264045009
854.4477028347997,31.746031746031743,-46.240344314494024
854.4672531769306,33.33333333333333,-50.1623042153217
854.4868035190616,28.57142857142857,-51.44343095558146
854.5063538611926,33.33333333333333,-51.0215942785739
854.5259042033235,33.33333333333333,-50.76522946337964
854.5454545454545,31.746031746031743,-48.993805845514224
854.5650048875856,31.746031746031743,-47.15863324074952
854.5845552297166,34.92063492063492,-45.629080112335544
854.6041055718475,28.57142857142857,-44.37294505718933
854.6236559139785,31.746031746031743,-43.29427967337313
854.6432062561095,34.92063492063492,-42.35113732303517
854.6627565982404,33.33333333333333,-41.547616531350414
854.6823069403714,31.746031746031743,-40.900738120306585
854.7018572825025,31.746031746031743,-40.343113566614896
854.7214076246335,33.33333333333333,-39.97795145158057
854.7409579667644,30.158730158730158,-39.616269354189235
854.7605083088954,31.746031746031743,-39.37080468607022
854.7800586510264,30.158730158730158,-39.171463440033364
854.7996089931573,31.746031746031743,-39.04632172569834
854.8191593352884,30.158730158730158,-38.994264232875224
854.8387096774194,31.746031746031743,-39.00859057478695
854.8582600195504,31.746031746031743,-39.09301081085833
854.8778103616813,31.746031746031743,-39.24225455023047
854.8973607038123,31.746031746031743,-39.44489124215232
854.9169110459433,33.33333333333333,-39.73933110555756
854.9364613880742,31.746031746031743,-40.08300063434987
854.9560117302053,31.746031746031743,-40.519241856607124
854.9755620723363,33.33333333333333,-41.03549483290256
854.9951124144673,34.92063492063492,-41.63555132870919
855.0146627565982,34.92063492063492,-42.31615369741077
855.0342130987292,28.57142857142857,-43.22603589659461
855.0537634408602,33.33333333333333,-44.180830166020534
855.0733137829912,31.746031746031743,-45.26080067284142
855.0928641251222,33.33333333333333,-46.627627398746306
855.1124144672532,30.158730158730158,-48.24299507218973
855.1319648093842,30.158730158730158,-50.08661677292756
855.1515151515151,30.158730158730158,-52.096321587041494
855.1710654936461,28.57142857142857,-53.353098580660685
855.1906158357772,28.57142857142857,-53.88510062166972
855.2101661779081,26.984126984126984,-52.893070638967224
855.2297165200391,28.57142857142857,-51.46404058913848
855.2492668621701,28.57142857142857,-49.799248596707635
855.2688172043011,26.984126984126984,-48.013747660962025
855.288367546432,26.984126984126984,-46.737769516513694
855.307917888563,26.984126984126984,-45.64963589381115
855.3274682306941,28.57142857142857,-44.77962155255582
855.347018572825,28.57142857142857,-43.96078800273087
855.366568914956,26.984126984126984,-43.37593713713984
855.386119257087,23.809523809523807,-42.846829859477396
855.405669599218,26.984126984126984,-42.426971910578246
855.4252199413489,25.396825396825395,-42.09116134575261
855.44477028348,25.396825396825395,-41.827554799784366
855.464320625611,23.809523809523807,-41.63436949091684
855.483870967742,23.809523809523807,-41.52375265745248
855.5034213098729,25.396825396825395,-41.492735516065935
855.5229716520039,23.809523809523807,-41.53925963249214
855.5425219941349,22.22222222222222,-41.64699985942639
855.5620723362658,20.634920634920633,-41.827201477984474
855.5816226783969,23.809523809523807,-42.08147389527128
855.6011730205279,25.396825396825395,-42.42433101081606
855.6207233626589,22.22222222222222,-42.84066213902829
855.6402737047898,23.809523809523807,-43.36409333125668
855.6598240469208,22.22222222222222,-43.95302046464635
855.6793743890518,26.984126984126984,-44.63105758596592
855.6989247311828,25.396825396825395,-45.51787304153093
855.7184750733138,25.396825396825395,-46.4213452299298
855.7380254154448,25.396825396825395,-47.663987973216
855.7575757575758,26.984126984126984,-49.014232801323
855.7771260997067,25.396825396825395,-50.68409710330681
855.7966764418377,26.984126984126984,-52.63202906062301
855.8162267839688,22.22222222222222,-54.70957709130122
855.8357771260997,28.57142857142857,-55.978764775817766
855.8553274682307,28.57142857142857,-55.86456598295761
855.8748778103617,28.57142857142857,-54.41058710614357
855.8944281524927,23.809523809523807,-52.85786896693494
855.9139784946236,22.22222222222222,-51.121533256745565
855.9335288367546,25.396825396825395,-49.423796851003125
855.9530791788857,25.396825396825395,-48.16826326043775
855.9726295210166,26.984126984126984,-47.13618081233973
855.9921798631476,26.984126984126984,-46.14263005203937
856.0117302052786,26.984126984126984,-45.45945673111201
856.0312805474096,25.396825396825395,-44.81567452014034
856.0508308895405,26.984126984126984,-44.267645327177064
856.0703812316716,25.396825396825395,-43.86558374878562
856.0899315738026,25.396825396825395,-43.53511572312475
856.1094819159335,23.809523809523807,-43.29621806362405
856.1290322580645,23.809523809523807,-43.120720406733156
856.1485826001955,25.396825396825395,-43.016983598764824
856.1681329423265,23.809523809523807,-42.994551503661604
856.1876832844575,26.984126984126984,-43.05578053681258
856.2072336265885,26.984126984126984,-43.16872335687457
856.2267839687195,28.57142857142857,-43.3795228840804
856.2463343108504,30.158730158730158,-43.66918653365818
856.2658846529814,28.57142857142857,-43.93535672513977
856.2854349951124,25.396825396825395,-44.471328890764624
856.3049853372434,28.57142857142857,-44.968667826896905
856.3245356793744,26.984126984126984,-45.6528079352382
856.3440860215054,26.984126984126984,-46.409476248896155
856.3636363636364,26.984126984126984,-47.31872891851865
856.3831867057673,28.57142857142857,-48.435355290219306
856.4027370478983,25.396825396825395,-49.69288678326215
856.4222873900293,20.634920634920633,-51.24248538299745
856.4418377321604,20.634920634920633,-52.89206895695593
856.4613880742913,23.809523809523807,-54.50659610536854
856.4809384164223,23.809523809523807,-55.873959805570394
856.5004887585533,20.634920634920633,-56.320465530915044
856.5200391006842,19.047619047619047,-55.394752246104304
856.5395894428152,22.22222222222222,-53.70883567527548
856.5591397849462,22.22222222222222,-52.03611860218988
856.5786901270773,17.46031746031746,-50.56187754802483
856.5982404692082,19.047619047619047,-49.28878445942235
856.6177908113392,19.047619047619047,-48.185687995714304
856.6373411534702,22.22222222222222,-47.23824635803048
856.6568914956011,22.22222222222222,-46.43855624296491
856.6764418377321,22.22222222222222,-45.770243351720374
856.6959921798632,22.22222222222222,-45.21252944326898
856.7155425219942,22.22222222222222,-44.7427473463003
856.7350928641251,23.809523809523807,-44.372927940020325
856.7546432062561,23.809523809523807,-44.07364385723389
856.7741935483871,25.396825396825395,-43.858748266345415
856.793743890518,23.809523809523807,-43.72529148649341
856.813294232649,19.047619047619047,-43.660225132084285
856.8328445747801,22.22222222222222,-43.66529838521734
856.8523949169111,22.22222222222222,-43.74321591023116
856.871945259042,20.634920634920633,-43.89724266702801
856.891495601173,23.809523809523807,-44.12322767318939
856.911045943304,22.22222222222222,-44.42052616117309
856.930596285435,23.809523809523807,-44.81471486692556
856.950146627566,23.809523809523807,-45.28565531194745
856.969696969697,26.984126984126984,-45.83887409150452
856.989247311828,28.57142857142857,-46.49484490615991
857.0087976539589,23.809523809523807,-47.30611063176654
857.0283479960899,23.809523809523807,-48.276427514764364
857.0478983382209,23.809523809523807,-49.35481177566369
857.067448680352,26.984126984126984,-50.63117282660555
857.0869990224829,23.809523809523807,-52.14811361088672
857.1065493646139,17.46031746031746,-53.93162824738103
857.1260997067449,17.46031746031746,-55.72504263459672
857.1456500488758,22.22222222222222,-56.97553477010242
857.1652003910068,22.22222222222222,-57.19031530514889
857.1847507331378,17.46031746031746,-56.24551354609599
857.2043010752689,17.46031746031746,-54.602050081229606
857.2238514173998,22.22222222222222,-52.91218619797017
857.2434017595308,22.22222222222222,-51.37046684927748
857.2629521016618,20.634920634920633,-50.074234376249834
857.2825024437927,20.634920634920633,-48.9871471777468
857.3020527859237,20.634920634920633,-48.07420067526535
857.3216031280548,19.047619047619047,-47.263611560525554
857.3411534701858,23.809523809523807,-46.5842531934718
857.3607038123167,20.634920634920633,-46.11339395265523
857.3802541544477,19.047619047619047,-45.7074677620536
857.3998044965787,17.46031746031746,-45.37400468744706
857.4193548387096,19.047619047619047,-45.11923738526316
857.4389051808407,22.22222222222222,-44.937701593309534
857.4584555229717,20.634920634920633,-44.82999262867892
857.4780058651027,19.047619047619047,-44.815351920520754
857.4975562072336,22.22222222222222,-44.863230528148385
857.5171065493646,23.809523809523807,-44.86600758440849
857.5366568914956,23.809523809523807,-45.1952386230045
857.5562072336265,23.809523809523807,-45.08274367571432
857.5757575757576,23.809523809523807,-45.300229043392015
857.5953079178886,25.396825396825395,-45.6239079392872
857.6148582600196,25.396825396825395,-44.23923689503247
857.6344086021505,23.809523809523807,-45.09372400637218
857.6539589442815,23.809523809523807,-46.19571399007495
857.6735092864125,28.57142857142857,-46.06541426391762
857.6930596285436,28.57142857142857,-48.87785712442903
857.7126099706745,23.809523809523807,-49.94008209807045
857.7321603128055,20.634920634920633,-52.197663543651984
857.7517106549365,22.22222222222222,-52.5974307067667
857.7712609970674,25.396825396825395,-49.02424129146812
857.7908113391984,20.634920634920633,-48.50721844860068
857.8103616813294,19.047619047619047,-47.251924792476615
857.8299120234605,22.22222222222222,-48.996450398687216
857.8494623655914,22.22222222222222,-47.378079087238845
857.8690127077224,22.22222222222222,-48.389739325481415
857.8885630498534,22.22222222222222,-47.455525208937985
857.9081133919843,23.809523809523807,-46.91132920468693
857.9276637341153,25.396825396825395,-46.143519683419285
857.9472140762464,23.809523809523807,-44.96741634326565
857.9667644183774,22.22222222222222,-44.51673852320567
857.9863147605083,22.22222222222222,-43.35887089659239
858.0058651026393,20.634920634920633,-43.18299062176194
858.0254154447703,22.22222222222222,-43.4828690431942
858.0449657869012,19.047619047619047,-42.90692568908047
858.0645161290323,20.634920634920633,-42.89565405798473
858.0840664711633,19.047619047619047,-42.72204771611392
858.1036168132943,19.047619047619047,-42.54357946648986
858.1231671554252,22.22222222222222,-42.45852924477151
858.1427174975562,22.22222222222222,-42.307248435151365
858.1622678396872,20.634920634920633,-41.64353445807129
858.1818181818181,19.047619047619047,-41.61469484126846
858.2013685239492,20.634920634920633,-40.65462362870928
858.2209188660802,20.634920634920633,-40.89856165623974
858.2404692082112,22.22222222222222,-40.121094042499465
858.2600195503421,23.809523809523807,-40.149671846727614
858.2795698924731,23.809523809523807,-41.39947788277021
858.2991202346041,23.809523809523807,-42.00024905543786
858.3186705767351,22.22222222222222,-44.034531653142324
858.3382209188661,23.809523809523807,-43.751338243243694
858.3577712609971,22.22222222222222,-43.46645526570776
858.377321603128,25.396825396825395,-43.558304612367266
858.396871945259,20.634920634920633,-40.39169975438444
858.41642228739,23.809523809523807,-44.18553852386001
858.4359726295211,25.396825396825395,-43.28828283937682
858.455522971652,28.57142857142857,-42.28244534683984
858.475073313783,26.984126984126984,-44.3832005488042
858.494623655914,22.22222222222222,-47.37929318444711
858.514173998045,22.22222222222222,-46.92681147153206
858.5337243401759,25.396825396825395,-45.02744291914333
858.5532746823069,26.984126984126984,-44.4271758732846
858.572825024438,26.984126984126984,-40.76295466302998
858.592375366569,23.809523809523807,-42.51503490371551
858.6119257086999,23.809523809523807,-42.22045550085064
858.6314760508309,26.984126984126984,-43.415665891391306
858.6510263929619,25.396825396825395,-43.699231702311245
858.6705767350928,25.396825396825395,-43.46841168837018
858.6901270772239,20.634920634920633,-44.03239419104709
858.7096774193549,20.634920634920633,-43.83603913008554
858.7292277614858,23.809523809523807,-43.362269366061625
858.7487781036168,23.809523809523807,-43.08058864088941
858.7683284457478,23.809523809523807,-42.24188644749546
858.7878787878788,20.634920634920633,-41.50965479668752
858.8074291300097,23.809523809523807,-40.34315263219085
858.8269794721408,23.809523809523807,-41.17954794785855
858.8465298142718,22.22222222222222,-39.63155945535699
858.8660801564027,22.22222222222222,-40.07834097303014
858.8856304985337,20.634920634920633,-40.08468777309738
858.9051808406647,25.396825396825395,-41.42658765109208
858.9247311827957,25.396825396825395,-43.187031318164905
858.9442815249267,23.809523809523807,-42.673440862766235
858.9638318670577,25.396825396825395,-41.84731831401724
858.9833822091887,30.158730158730158,-41.64492372070275
859.0029325513196,26.984126984126984,-41.50186375716346
859.0224828934506,28.57142857142857,-41.88208781916997
859.0420332355816,26.984126984126984,-43.322653157957035
859.0615835777126,25.396825396825395,-42.77000360413376
859.0811339198436,23.809523809523807,-43.59475635078762
859.1006842619746,22.22222222222222,-47.19091257984827
859.1202346041056,23.809523809523807,-45.19974506883698
859.1397849462365,23.809523809523807,-42.863927254507374
859.1593352883675,26.984126984126984,-40.938812841415704
859.1788856304985,22.22222222222222,-43.65295740282596
859.1984359726296,23.809523809523807,-39.50521868386688
859.2179863147605,25.396825396825395,-42.027100531680006
859.2375366568915,26.984126984126984,-42.71959191069311
859.2570869990225,26.984126984126984,-45.46692148470042
859.2766373411534,23.809523809523807,-45.84491638554515
859.2961876832844,23.809523809523807,-49.29749698047809
859.3157380254155,25.396825396825395,-49.69626549587027
859.3352883675465,26.984126984126984,-49.04925020964811
859.3548387096774,23.809523809523807,-47.85229438907598
859.3743890518084,20.634920634920633,-45.77216524406468
859.3939393939394,20.634920634920633,-44.195309105249905
859.4134897360703,19.047619047619047,-41.59582914521684
859.4330400782013,22.22222222222222,-41.8943772113618
859.4525904203324,23.809523809523807,-41.842405202367125
859.4721407624634,20.634920634920633,-41.41918514137377
859.4916911045943,20.634920634920633,-45.38906570080002
859.5112414467253,22.22222222222222,-45.55952336797468
859.5307917888563,25.396825396825395,-45.1203385870111
859.5503421309872,25.396825396825395,-45.552506147238404
859.5698924731183,25.396825396825395,-43.617498532053744
859.5894428152493,25.396825396825395,-45.06014563085876
859.6089931573803,25.396825396825395,-44.76562887794749
859.6285434995112,25.396825396825395,-43.52206516982402
859.6480938416422,26.984126984126984,-43.747727227085356
859.6676441837732,23.809523809523807,-44.506971907498055
859.6871945259043,26.984126984126984,-48.875147173450344
859.7067448680352,23.809523809523807,-49.87498166972192
859.7262952101662,25.396825396825395,-48.44292913626141
859.7458455522972,25.396825396825395,-44.77767140017538
859.7653958944281,25.396825396825395,-48.20025898348067
859.7849462365591,23.809523809523807,-45.35525471074456
859.8044965786901,25.396825396825395,-43.41597314390265
859.8240469208212,28.57142857142857,-48.83340733330926
859.8435972629521,31.746031746031743,-46.648597051778715
859.8631476050831,33.33333333333333,-49.04822648949193
859.8826979472141,31.746031746031743,-50.93760973526484
859.902248289345,34.92063492063492,-50.556537226416545
859.921798631476,38.095238095238095,-49.981301578668244
859.9413489736071,42.857142857142854,-49.209432045052054
859.9608993157381,39.682539682539684,-48.48709600882835
859.980449657869,52.38095238095239,-47.82228627119746
860.0,57.14285714285714,-47.29029189635717
